code,latitude,longitude
01001,46.1517,4.9306
01002,46.0071,5.4247
01004,45.9575,5.3706
01005,45.9992,4.9119
01006,45.7483,5.5928
01007,46.0099,5.3627
01008,45.9347,5.3359
01009,45.7841,5.6607
01010,45.9086,5.7948
01011,46.2045,5.6619
01012,45.9972,5.514
01013,45.8885,5.4982
01014,46.2838,5.6879
01015,45.7189,5.6404
01016,46.4808,4.9613
01017,45.9322,5.4819
01019,45.8523,5.5837
01021,45.9904,4.8195
01022,45.8701,5.692
01023,46.3859,4.882
01024,46.2858,5.1823
01025,46.3277,4.9704
01026,46.3081,4.9305
01027,45.8268,5.1076
01028,46.1117,4.9045
01029,46.4274,5.2634
01030,46.0012,4.7567
01031,46.2402,5.6371
01032,45.8622,5.1415
01033,46.1234,5.7944
01034,45.743,5.6927
01035,46.2519,5.7816
01036,45.9236,5.6626
01037,45.842,5.4834
01038,46.3189,5.2789
01040,46.3699,5.0431
01041,45.9366,5.3648
01042,46.2182,4.844
01043,45.8359,4.9964
01044,46.0778,5.7632
01045,45.9509,5.0401
01046,46.224,4.9393
01047,45.8442,5.2515
01049,45.8483,5.0262
01050,46.3723,4.9975
01051,46.1971,5.4701
01052,46.0202,4.9957
01053,46.2027,5.2469
01054,45.8842,5.1393
01056,46.0356,5.4616
01057,46.4089,4.9166
01058,45.6406,5.6174
01060,46.0791,5.6116
01061,45.7163,5.69
01062,45.8714,5.0984
01063,46.1689,5.5477
01064,45.768,5.4832
01065,46.2116,5.1468
01066,45.8629,5.548
01067,46.1258,5.4957
01068,46.075,5.4755
01069,46.1336,5.2638
01071,46.3157,6.082
01072,46.1822,5.3191
01073,45.8368,5.7197
01074,46.0149,5.1735
01075,46.0361,4.7999
01076,45.9511,5.5408
01077,46.1237,5.456
01078,46.1765,5.9735
01079,45.9317,5.6921
01080,46.0371,5.5882
01081,46.2264,5.8216
01082,46.0024,5.7674
01083,46.0947,4.8517
01084,46.1868,5.0302
01085,46.0683,5.0174
01087,46.1893,5.6773
01088,45.8756,5.2251
01089,45.9723,5.3091
01090,46.0276,5.2085
01092,45.9757,5.246
01093,46.1264,4.9549
01094,46.4403,5.0069
01095,46.2824,5.4323
01096,46.1991,5.0534
01098,45.8007,5.6678
01099,45.8937,5.2604
01100,45.8233,5.6022
01101,46.1087,5.5815
01102,46.3822,4.9598
01103,46.2841,6.0474
01104,46.2244,5.8693
01105,45.9208,4.8895
01106,46.2015,5.45
01107,45.9027,5.4317
01108,46.3889,5.3352
01109,46.1397,5.9007
01110,45.7338,5.6269
01111,45.8836,5.4787
01112,46.1056,5.5596
01113,46.1541,5.0863
01114,46.1536,5.8358
01115,46.2732,5.06
01116,45.7971,5.6164
01117,45.7246,5.602
01118,45.9668,5.7902
01121,46.0369,5.5003
01123,46.2459,4.8305
01124,46.4375,5.2209
01125,46.2514,5.4771
01127,46.3243,5.3585
01128,46.4564,5.1128
01129,45.9667,5.1917
01130,46.3271,5.1822
01133,45.7833,5.765
01134,46.2848,4.876
01135,46.2906,5.9929
01136,46.2233,4.876
01138,45.8553,5.7716
01139,46.4883,5.1666
01140,46.2742,5.1051
01141,45.8216,5.6802
01142,45.854,5.0748
01143,46.3754,6.1114
01145,46.0672,5.2167
01146,46.142,4.9004
01147,46.4211,5.2945
01148,46.3184,5.6443
01149,45.9847,5.3724
01150,46.2202,5.3674
01151,46.0691,5.2947
01152,46.2293,5.7346
01153,46.3197,6.018
01155,45.963,5.5008
01156,45.9086,5.126
01157,46.0235,4.7682
01158,46.1657,5.9054
01159,46.3393,4.8866
01160,46.252,6.1061
01162,45.8125,5.7466
01163,46.3792,5.1851
01165,46.0707,4.8111
01166,45.9905,4.7819
01167,46.2124,4.8289
01169,46.1211,4.7926
01170,46.1884,5.5497
01171,46.2518,5.6163
01173,46.3515,6.0488
01174,46.2209,5.7891
01175,46.4157,4.9507
01177,46.2089,5.4388
01179,46.2669,4.8475
01180,46.3318,6.1139
01181,46.227,5.6179
01183,46.106,4.7839
01184,46.1592,5.4311
01185,45.9305,5.5775
01187,46.0436,5.6846
01188,46.1838,4.8884
01189,46.0505,5.7678
01190,45.7875,5.5723
01191,46.038,5.5234
01192,46.216,5.5609
01193,45.6555,5.6387
01194,45.9771,4.7626
01195,46.2176,5.317
01196,46.3698,5.1117
01197,46.1455,5.3333
01198,45.946,5.0998
01199,46.0503,5.4122
01200,46.0915,5.4945
01202,45.8863,5.3396
01203,46.2462,4.9006
01204,46.1392,5.6955
01206,46.0531,5.5379
01207,45.9849,4.9821
01208,45.8108,5.7707
01209,46.1114,5.8768
01210,46.2856,5.9274
01211,46.1165,5.1974
01212,46.4089,5.1573
01213,45.9287,5.2927
01214,46.1605,5.4767
01215,46.0302,5.7666
01216,45.7469,5.5398
01219,45.8118,5.5263
01224,45.7953,5.2163
01225,46.0628,4.7802
01227,45.7763,5.7197
01228,46.1204,5.535
01229,46.3299,5.1462
01230,46.4318,5.1064
01231,46.3651,4.9026
01232,46.3452,5.2461
01233,45.7762,5.5509
01234,45.8023,5.718
01235,46.0542,5.0756
01236,46.3401,5.0608
01237,46.203,5.6099
01238,45.9101,4.8279
01239,45.7564,5.7566
01240,46.2505,5.5272
01241,46.2451,5.3347
01242,46.065,5.4425
01243,46.048,4.7609
01244,45.9047,5.2116
01245,46.1422,5.375
01246,46.2424,5.0481
01247,46.3593,6.0106
01248,45.8959,4.9274
01249,45.8444,4.941
01250,45.9745,4.8138
01252,46.1454,4.8203
01254,46.172,5.2776
01255,45.802,5.4598
01257,46.171,5.7903
01258,46.0978,4.8041
01259,46.2199,5.1123
01260,45.9284,5.0699
01261,45.9631,4.948
01262,45.8868,5.0185
01263,46.0843,4.759
01264,46.182,5.1234
01265,46.181,5.5976
01266,46.3262,5.1122
01267,46.1855,5.5155
01268,45.6404,5.6585
01269,46.1486,5.6079
01272,46.1599,5.0103
01273,46.0909,5.3702
01274,46.1367,5.6354
01275,45.8204,4.9356
01276,45.8241,5.0615
01277,46.0002,5.4567
01279,45.9685,5.4716
01280,45.8357,5.5439
01281,46.2779,6.0953
01282,46.0631,5.5543
01283,46.2599,5.6517
01284,46.3863,4.9191
01285,45.9197,4.8299
01286,45.7318,5.7495
01288,46.1933,5.9141
01289,46.1693,5.2195
01290,45.8789,5.1791
01291,46.2462,4.9718
01293,46.1486,5.506
01294,45.674,5.6829
01295,46.1227,4.8192
01296,46.386,5.2703
01297,45.8906,5.0901
01298,46.1889,5.7179
01299,46.0236,5.0891
01301,46.2504,5.1355
01302,45.7953,5.7463
01303,46.0918,5.4129
01304,46.0556,5.3491
01305,46.4415,4.9265
01306,46.2647,4.8818
01307,46.1535,5.581
01308,46.1457,5.9492
01309,46.3263,5.4243
01310,45.6827,5.6423
01311,45.8785,5.5657
01313,46.2594,6.0722
01314,46.019,5.2829
01317,46.1893,5.3569
01318,45.9674,4.8665
01319,46.0808,4.9399
01320,46.307,4.8784
01321,46.1637,5.3351
01322,45.9368,4.8314
01323,46.4284,4.9145
01325,45.9513,5.1675
01328,46.1216,5.0217
01329,45.8359,5.5987
01331,46.0968,5.4568
01332,46.2975,4.9132
01333,45.9287,4.9529
01334,46.2163,4.9144
01335,46.1137,5.0775
01336,46.15,5.143
01337,46.4517,4.952
01338,45.7011,5.5823
01339,45.95,4.7419
01342,45.8978,5.0477
01343,46.2751,4.9669
01344,46.2097,5.1825
01345,45.9497,5.326
01346,46.3075,5.0536
01347,45.9587,4.7767
01348,46.1877,4.823
01349,45.9343,5.1507
01350,46.2755,5.2793
01351,46.1451,4.8694
01352,46.3998,5.0031
01353,45.9651,4.7927
01354,46.2556,6.0368
01355,46.281,5.0162
01356,46.1033,5.0286
01357,46.1812,5.7435
01358,45.773,5.6191
01359,46.0764,5.0626
01360,46.2184,5.9395
01361,45.8384,5.2066
01362,45.9597,4.8959
01363,46.028,5.3799
01364,46.3912,5.0582
01365,46.2687,4.9203
01366,45.8802,5.2837
01367,46.3977,5.1062
01368,46.2072,4.9559
01369,46.1948,5.285
01370,46.3053,4.8395
01371,45.9485,4.9862
01372,45.8467,5.6779
01373,46.1345,5.5711
01374,46.1063,5.33
01375,46.2903,5.1206
01376,45.8325,4.9763
01378,45.819,5.172
01379,45.9542,5.2706
01380,46.4549,5.1716
01381,46.0518,5.1471
01382,46.0147,4.9349
01383,46.0949,5.1309
01384,45.953,5.4418
01385,46.1857,5.1646
01386,45.8863,5.369
01387,46.3215,5.0406
01388,46.458,5.0672
01389,46.0632,4.8984
01390,45.8234,5.267
01391,46.363,5.3457
01392,46.2732,5.5826
01393,46.0709,4.9824
01396,45.8612,5.4007
01397,46.3132,6.1102
01398,45.9946,4.8559
01399,46.2944,6.0732
01400,45.8006,5.504
01401,46.2615,5.9872
01402,46.4987,4.9733
01403,45.8129,5.4424
01404,46.149,5.4472
01405,46.1366,5.1845
01406,46.4354,5.0587
01407,45.9477,5.8257
01408,46.235,5.4214
01410,46.2235,5.5015
01411,45.8811,5.4368
01412,46.1727,4.9601
01415,45.8627,5.7199
01416,45.9222,5.5147
01418,45.8184,5.0189
01419,46.2448,5.9685
01420,46.1697,4.7963
01421,45.9189,5.4056
01422,46.1355,5.3076
01423,45.961,4.8289
01424,45.8742,4.9624
01425,46.0915,5.2656
01426,46.2816,5.3537
01427,45.9398,4.771
01428,46.1145,4.8646
01429,46.2155,5.0786
01430,46.0443,5.2909
01431,45.9184,5.3612
01432,46.3466,5.3472
01433,46.4861,5.1036
01434,45.9883,5.115
01435,46.2992,6.1008
01436,46.3634,6.0856
01437,46.4743,5.0286
01439,46.3593,4.8638
01441,46.0823,5.5555
01443,46,5.0443
01444,45.8499,5.4483
01445,46.3418,5.3087
01446,46.0346,4.8598
01447,46.1939,5.3936
01448,46.0952,5.7598
01449,46.0125,5.254
01450,45.929,5.2265
01451,46.2522,5.2257
01452,45.8465,5.639
01453,45.9153,5.7346
01454,45.7282,5.7149
01456,45.8122,5.7255
01457,46.2132,4.9945
28001,48.7983,1.4236
28003,48.7211,1.2907
28004,48.331,1.6502
28005,48.2251,1.3666
28006,48.4424,1.4073
28007,48.851,1.4432
28008,48.5445,1.1768
28009,48.3544,1.9135
28010,48.2753,0.9724
28012,48.092,1.1128
28013,48.4442,1.818
28014,48.6576,1.3054
28015,48.5,1.7642
28016,48.1778,0.9924
28018,48.185,0.8916
28019,48.1266,1.8201
28021,48.3567,1.3265
28022,48.488,1.3988
28023,48.5308,1.6404
28024,48.4044,1.4713
28026,48.3241,1.8922
28027,48.1356,0.9803
28028,48.0911,1.5751
28029,48.1622,1.825
28030,48.6785,0.9818
28031,48.2416,0.9613
28032,48.2994,1.6561
28033,48.501,1.0541
28034,48.5365,1.4569
28035,48.3752,1.56
28036,48.8443,1.5511
28037,48.742,1.0741
28038,48.2304,0.9016
28039,48.4378,1.7032
28040,48.4945,1.2131
28041,48.3119,1.294
28045,48.7297,1.251
28046,48.679,0.9006
28047,48.3331,1.7008
28048,48.3183,1.4272
28049,48.3062,1.5211
28050,48.8445,1.4645
28051,48.1787,1.3844
28052,48.5522,1.5091
28053,48.6302,1.3275
28054,48.6551,1.4082
28055,48.6352,1.4357
28056,48.7363,1.5674
28057,48.2631,1.3804
28058,48.6713,1.5193
28059,48.6898,1.064
28060,48.5166,1.3901
28061,48.2189,1.1557
28062,48.752,1.5251
28064,48.8041,1.4888
28065,48.1717,1.5073
28067,48.3871,1.2316
28068,48.5529,1.4276
28070,48.4679,1.5129
28071,48.3993,1.073
28072,48.31,0.8878
28073,48.489,1.6494
28074,48.4154,1.7952
28075,48.0402,1.3147
28076,48.7284,1.4916
28077,48.6486,0.8603
28078,48.1205,0.8963
28079,48.1528,1.0439
28080,48.1891,0.9448
28081,48.2796,1.3145
28082,48.6945,1.4329
28084,48.5453,1.5475
28085,48.4481,1.5046
28086,48.2915,1.0652
28087,48.6906,1.237
28088,48.0718,1.3207
28089,48.5928,1.2391
28090,48.6568,1.0201
28091,48.347,1.2091
28092,48.3537,1.8841
28094,48.6561,1.496
28095,48.3941,1.3387
28096,48.8906,1.493
28098,48.7573,1.4359
28099,48.4367,1.1881
28100,48.445,1.3643
28102,48.5523,1.382
28103,48.0069,1.2997
28104,48.4941,1.5928
28105,48.3345,1.0572
28106,48.1131,1.4448
28107,48.3678,1.5161
28108,48.1308,1.6041
28109,48.3666,1.1477
28110,48.4188,1.5026
28111,48.2361,0.8609
28113,48.6562,1.5527
28114,48.1474,1.6089
28116,48.4533,1.2483
28117,48.6776,1.2842
28118,48.6905,1.4984
28119,48.2816,1.0427
28120,48.6749,1.1036
28121,48.1152,1.8734
28122,48.3384,1.4964
28123,48.2232,1.1103
28124,48.7575,1.1437
28126,48.1526,1.464
28127,48.2065,1.2712
28128,48.5082,1.3505
28129,48.393,1.8022
28130,48.5338,1.1378
28132,48.1012,1.3669
28134,48.7482,1.3578
28135,48.5999,1.7012
28136,48.7088,1.4218
28137,48.5525,1.7349
28139,48.3135,1.3352
28140,48.5947,1.6859
28141,48.337,1.3785
28142,48.29,1.3448
28143,48.7205,1.2145
28144,48.2439,0.8151
28146,48.6799,1.5818
28147,48.5317,1.2337
28148,48.457,1.1171
28149,48.5988,0.8929
28151,48.7017,1.0376
28153,48.1505,1.3319
28154,48.4742,1.2986
28155,48.657,1.2484
28156,48.513,0.9881
28157,48.167,1.6855
28158,48.4069,1.4217
28159,48.5975,1.0157
28160,48.4008,1.6583
28161,48.2629,1.0947
28162,48.3046,1.4833
28163,48.513,1.4196
28164,48.2618,1.8101
28166,48.4318,1.1217
28167,48.4069,1.1937
28168,48.5351,1.6865
28169,48.4352,1.9106
28170,48.7041,1.2824
28171,48.6983,1.3371
28172,48.565,1.661
28173,48.4734,1.5536
28175,48.2978,0.9595
28176,48.2413,1.4808
28177,48.414,1.5362
28178,48.7462,1.4735
28180,48.9088,1.5175
28182,48.1647,1.2212
28183,48.3458,1.947
28184,48.3435,1.8374
28185,48.7831,1.5566
28187,48.9186,1.4811
28188,48.4916,1.7067
28189,48.2244,1.8022
28190,48.094,1.6458
28191,48.6048,1.6436
28192,48.3344,1.1063
28193,48.7873,1.5335
28194,48.4449,1.6383
28195,48.5686,1.6207
28196,48.3018,1.2132
28197,48.2985,1.9366
28198,48.0773,1.3872
28199,48.1998,1.8474
28200,48.5752,1.1202
28201,48.5138,1.544
28202,48.6254,0.9188
28203,48.4636,1.1906
28206,48.6991,1.192
28207,48.3772,1.8586
28208,48.4925,1.7458
28209,48.4801,1.4692
28210,48.302,1.8306
28211,48.1382,1.2528
28212,48.1302,1.7243
28213,48.6393,1.5429
28214,48.4733,1.0261
28215,48.3268,1.7934
28216,48.7338,1.283
28217,48.6192,1.0624
28218,48.4337,1.4525
28219,48.2393,1.0246
28220,48.4239,1.4668
28221,48.1047,1.7728
28222,48.2987,1.385
28223,48.7144,1.3985
28225,48.3478,1.2665
28226,48.63,1.1527
28227,48.5828,1.5815
28229,48.4651,1.4471
28230,48.4038,1.846
28231,48.6413,0.9858
28232,48.5372,0.9614
28233,48.1245,1.3056
28234,48.3603,1.2401
28235,48.775,1.5135
28236,48.3365,0.89
28237,48.3674,0.9437
28239,48.6742,1.3779
28240,48.485,0.9826
28242,48.2931,1.1861
28243,48.3013,1.9014
28245,48.3704,1.3918
28246,48.2757,1.4824
28247,48.8895,1.5315
28248,48.588,1.0953
28249,48.5524,1.5997
28251,48.7257,1.4419
28252,48.2471,1.0006
28253,48.3653,1.4244
28254,48.5137,1.3308
28255,48.3752,1.7012
28256,48.1143,1.4016
28257,48.3623,1.8251
28259,48.2292,1.412
28260,48.1771,1.326
28261,48.2903,1.1255
28263,48.7207,1.0116
28264,48.4146,1.0369
28265,48.3873,1.0258
28267,48.7791,1.3807
28268,48.3794,1.8314
28269,48.3998,1.5063
28270,48.2191,1.4408
28271,48.6521,0.9452
28272,48.2499,1.1613
28273,48.2108,1.0077
28274,48.2974,1.7595
28275,48.5979,1.4987
28277,48.1984,1.5429
28278,48.4497,1.5809
28279,48.6315,1.5206
28280,48.3197,0.8071
28281,48.3896,1.3868
28282,48.3399,1.1416
28283,48.1262,1.5232
28284,48.2359,1.9276
28285,48.4704,1.7096
28286,48.3874,1.2926
28287,48.1376,1.6865
28289,48.6224,1.4724
28290,48.4049,1.2813
28291,48.361,1.765
28292,48.7081,1.4938
28293,48.8661,1.4939
28294,48.3918,1.9481
28296,48.0611,1.5753
28298,48.5883,1.5566
28299,48.7044,1.5748
28300,48.1758,1.8994
28301,48.5072,1.46
28302,48.4902,1.1372
28303,48.1005,1.8343
28304,48.271,1.7145
28305,48.1885,1.4526
28306,48.2222,1.4715
28308,48.7202,1.1375
28309,48.3694,1.6374
28310,48.6127,0.9697
28312,48.6396,1.368
28313,48.3387,1.7423
28314,48.5947,0.9264
28315,48.7217,1.0787
28316,48.6668,0.8404
28317,48.4449,1.7584
28319,48.2774,1.9222
28321,48.8327,1.4744
28322,48.706,0.9628
28323,48.6478,1.2095
28324,48.4919,1.2568
28325,48.4666,1.345
28326,48.2673,1.2602
28327,48.1957,0.8263
28329,48.133,1.3709
28330,48.0477,1.4492
28331,48.3506,1.0029
28332,48.7357,1.416
28333,48.3812,1.1609
28334,48.0851,1.2465
28335,48.4534,1.0381
28336,48.3276,1.2028
28337,48.4214,1.3583
28339,48.4246,1.2569
28341,48.6204,1.2601
28342,48.2948,0.8333
28343,48.6924,1.54
28344,48.417,1.7504
28346,48.7076,1.0987
28347,48.82,1.5622
28348,48.7465,1.1923
28349,48.641,1.6235
28350,48.4403,1.3079
28351,48.594,1.1914
28352,48.6134,1.6166
28353,48.152,1.4184
28354,48.4941,1.0748
28355,48.8537,1.5347
28357,48.5477,1.585
28358,48.4924,1.5156
28359,48.7486,1.2381
28360,48.6077,1.2811
28362,48.4108,0.9756
28363,48.4149,1.8802
28364,48.1806,1.579
28365,48.3448,1.3479
28366,48.3807,1.7399
28367,48.151,1.8813
28368,48.6279,1.0296
28369,48.6655,1.2657
28370,48.2552,1.3169
28371,48.8503,1.4102
28372,48.6568,1.5818
28373,48.5584,1.0144
28374,48.5938,1.4382
28375,48.7698,1.4889
28377,48.8255,1.3989
28378,48.2697,0.8355
28379,48.5184,1.5905
28380,48.4126,1.5977
28382,48.0923,1.7337
28383,48.3282,1.5925
28385,48.4053,1.1384
28386,48.5521,1.2549
28387,48.3047,1.0137
28388,48.3799,1.4469
28389,48.0177,1.3723
28390,48.1562,1.7592
28391,48.1954,1.9425
28392,48.2378,1.8631
28393,48.59,1.3871
28394,48.6714,1.3213
28395,48.2942,0.8826
28396,48.1993,1.3336
28397,48.4686,1.6658
28398,48.1997,1.0586
28400,48.0814,1.5262
28401,48.4589,0.9705
28403,48.379,1.4841
28404,48.7141,1.352
28405,48.7499,1.2924
28406,48.2108,1.6716
28407,48.2636,0.9068
28408,48.3848,1.9045
28409,48.261,1.2085
28410,48.0386,1.5137
28411,48.2317,1.5413
28414,48.3875,1.1987
28415,48.6678,1.4582
28417,48.6212,1.577
28418,48.1424,1.4966
28419,48.2759,1.4181
28421,48.4032,1.7079
28422,48.2714,1.5995
28423,48.5484,1.6222
28424,48.1935,1.1877
28425,48.508,1.7049
28426,48.2481,1.7505
39001,47.0653,5.3778
39002,46.9141,5.6785
39003,46.9064,5.6973
39004,46.9109,5.9447
39006,46.955,5.8096
39007,46.588,5.5851
39008,47.1691,5.5659
39009,46.8604,5.9277
39010,46.4235,5.4278
39011,46.9585,5.2796
39013,46.8876,5.773
39014,47.1523,5.5163
39015,46.7719,5.8773
39016,46.3917,5.5882
39017,46.767,5.5383
39018,46.3135,5.4871
39019,46.9536,5.7833
39020,46.7149,6.0827
39021,46.5822,5.5233
39022,46.9385,5.4001
39024,47.1402,5.5876
39025,46.5629,5.3894
39026,47.0268,5.5867
39027,46.556,5.4947
39028,46.9179,5.636
39029,47.0609,5.333
39030,47.1242,5.5075
39031,47.1782,5.6539
39032,46.4032,5.8376
39034,46.9671,5.4595
39035,46.4558,5.349
39037,46.9801,5.5798
39038,46.5438,5.7001
39039,47.1576,5.6911
39040,46.8079,5.7207
39041,46.7059,5.6586
39042,47.1065,5.5364
39043,46.5854,5.4355
39045,46.5306,5.5487
39046,46.3101,5.911
39047,46.5584,6.0791
39048,47.0293,5.606
39049,46.8606,5.595
39050,46.7857,5.795
39051,47.1452,5.4528
39052,46.7014,6.049
39053,46.8243,6.1225
39054,46.904,5.5272
39055,46.7457,6.0575
39056,46.7299,5.4322
39057,46.7479,5.6677
39058,46.6284,5.6977
39059,46.5372,6.1272
39060,46.8261,5.5019
39061,46.58,5.7233
39062,46.4214,5.5208
39063,46.5949,5.8461
39065,46.7344,5.7536
39066,46.6128,5.5545
39068,46.2977,5.7998
39070,46.7298,5.9569
39072,46.9263,5.8672
39073,46.8708,5.6278
39074,47.2238,5.574
39076,47.1293,5.6676
39077,46.9213,5.5397
39078,47.1023,5.5246
39079,46.6625,5.622
39080,46.3562,5.4335
39081,46.8698,5.7266
39083,46.8188,6.0792
39084,46.9344,5.9404
39085,46.7378,6.1252
39086,46.4097,5.6447
39088,46.6209,5.4879
39090,46.9213,5.4341
39091,46.6946,6.0267
39092,46.4698,5.5712
39093,46.9915,5.7035
39094,46.8453,5.7382
39095,47.0329,5.8051
39096,47.2601,5.5079
39097,46.7423,5.8938
39099,47.0084,5.3888
39100,46.8828,5.5097
39101,47.1017,5.4167
39102,46.3462,5.6423
39103,46.9846,5.8605
39104,46.801,5.3792
39105,46.8312,5.9661
39106,46.4667,5.7147
39107,46.63,5.7596
39108,46.7668,5.9904
39109,46.6142,5.7361
39110,46.8502,5.5442
39111,46.3386,5.4939
39112,46.8682,5.4535
39114,46.7594,5.6473
39116,46.8621,5.8257
39117,47.0535,5.6971
39118,46.529,5.8053
39119,46.8797,5.5439
39120,46.664,5.9117
39121,47.1543,5.5493
39122,46.6658,5.7314
39124,46.8427,5.4767
39126,46.6012,5.9428
39127,46.823,5.7442
39128,46.9743,5.4046
39129,46.6612,5.9604
39130,46.505,5.8689
39131,46.6012,5.9106
39132,46.8262,5.4764
39133,46.8814,5.8805
39134,46.498,5.5589
39136,46.861,5.5274
39137,46.3442,5.5665
39138,46.9758,5.3171
39139,46.9162,5.4744
39140,46.8533,5.4444
39141,47.1779,5.475
39142,46.4993,5.4218
39143,46.6522,5.8606
39145,46.6938,5.5718
39146,46.6599,5.4954
39147,46.8722,5.8553
39149,47.0579,5.7459
39150,47.0585,5.4522
39151,46.3029,5.7715
39153,46.7209,5.9212
39154,46.5629,5.756
39155,46.9468,5.9122
39156,46.5866,5.7751
39157,46.3365,5.8258
39159,46.8783,5.5732
39160,46.8034,5.436
39162,46.6491,5.4335
39163,46.3335,5.616
39164,46.6513,5.6153
39165,46.7488,6.0093
39166,46.3054,5.5496
39167,46.7504,5.3911
39168,46.5992,5.5694
39169,46.6523,5.5296
39170,46.6754,5.4837
39171,46.668,5.4504
39172,47.1269,5.7958
39173,46.5365,5.3795
39174,46.3398,5.8454
39175,46.5108,5.697
39176,47.0067,5.7856
39177,46.7008,5.6997
39178,46.6957,5.9829
39179,46.4688,5.739
39180,46.5277,5.4857
39182,47.0511,5.4766
39183,46.7571,5.8127
39184,46.4654,5.8042
39185,46.549,5.4061
39187,46.8407,6.0661
39188,47.2535,5.5522
39189,47.0674,5.3994
39190,47.1767,5.7453
39191,46.8261,5.6061
39192,46.6255,5.8008
39193,46.9525,5.5016
39194,46.7682,5.4669
39196,46.8856,5.4877
39197,46.5166,5.3828
39198,47.0739,5.5024
39199,46.7682,5.5898
39200,46.5645,5.6148
39201,46.6462,5.7758
39202,46.9329,5.9704
39203,46.77,6.012
39204,46.4038,5.5283
39205,47.1028,5.6082
39206,46.9952,5.7368
39207,46.4997,5.6322
39208,46.6407,5.9651
39209,46.3888,5.3975
39210,46.7602,5.9416
39211,46.904,5.414
39214,46.8296,6.0305
39216,46.4912,5.7981
39217,46.7171,5.5332
39218,47.1126,5.6814
39219,47.1794,5.764
39220,47.0839,5.5683
39221,46.7484,6.037
39222,46.7538,5.7181
39223,46.945,5.6471
39225,46.7761,5.7092
39227,46.6324,6.0294
39228,46.663,6.0611
39229,46.6983,5.4384
39230,46.6757,5.807
39232,46.6204,5.9846
39233,47.086,5.4386
39234,46.8619,5.4869
39235,47.1287,5.7583
39236,46.8375,5.5039
39237,46.7286,6.0984
39238,47.1966,5.5022
39239,46.5604,5.8002
39240,46.6347,5.8931
39241,46.6485,5.4807
39244,46.7913,5.6395
39245,46.9494,5.4601
39246,47.1988,5.6847
39247,46.3587,5.5271
39248,46.959,5.9541
39249,47.0456,5.6862
39250,46.6238,5.5296
39251,46.6362,5.5073
39252,47.0361,5.4451
39253,46.4531,5.473
39254,46.7315,6.0311
39255,46.5305,5.4279
39258,46.5287,5.9091
39259,46.9966,5.8411
39261,46.4725,5.4532
39262,47.1635,5.5168
39263,46.8881,5.6909
39265,46.5587,5.7808
39266,46.9078,5.3914
39267,46.8922,5.8506
39268,46.9954,5.8959
39269,46.3755,5.7037
39270,47.1373,5.4826
39271,46.5975,6.0124
39272,46.7672,5.6821
39273,46.3793,5.4825
39274,46.3928,6.0067
39275,46.4103,5.9956
39277,46.8185,5.945
39278,46.5557,5.6699
39279,46.7036,5.4572
39280,46.3381,5.789
39281,46.8035,5.9422
39282,46.7507,6.0962
39283,46.3364,5.6793
39284,47.1516,5.6071
39285,47.1548,5.6399
39286,46.3899,5.7776
39288,46.7175,5.6054
39289,46.3917,5.6687
39290,46.4325,5.5863
39291,46.892,5.9861
39292,46.75,5.977
39293,46.4634,5.8288
39295,46.4945,5.4595
39296,46.7815,5.509
39297,46.4676,5.9619
39298,46.7707,6.0758
39299,46.9619,5.3529
39300,46.6758,5.5574
39301,46.7052,5.8845
39302,47.1903,5.7221
39304,46.7323,5.5808
39305,47.032,5.5498
39306,46.6416,5.5435
39307,46.4754,5.6938
39308,47.1855,5.6132
39310,46.7918,5.5501
39312,46.4465,5.5281
39313,46.6765,5.7797
39314,46.576,5.635
39315,46.9551,5.8383
39317,46.737,5.7066
39318,46.3891,5.6987
39319,46.9325,5.681
39320,46.5653,5.4104
39321,46.7728,5.6398
39322,46.6248,5.8373
39323,47.1679,5.5023
39324,46.5561,5.6351
39325,46.9007,5.8169
39326,46.592,5.6803
39327,46.6625,5.5158
39328,46.497,5.7379
39329,46.7933,6.0523
39330,46.8069,5.6675
39331,46.7741,6.14
39333,46.4418,5.7369
39334,46.6347,5.56
39335,47.1871,5.5326
39336,46.8256,5.8206
39337,46.9521,5.6806
39338,47.0155,5.4228
39339,46.3568,5.7812
39342,46.8383,5.5955
39343,46.4581,5.5102
39344,46.7233,5.8227
39345,47.114,5.4581
39346,46.4551,5.3906
39348,46.6539,5.5736
39349,46.7212,5.5783
39350,47.0181,5.638
39351,46.3532,5.6648
39352,47.1605,5.7128
39353,46.3331,5.4444
39354,46.8931,5.635
39355,46.938,5.776
39356,46.7054,5.7938
39359,46.8731,5.971
39360,47.2181,5.5163
39361,47.2267,5.5299
39362,46.685,5.5136
39363,46.4267,5.4927
39364,46.7858,5.8429
39365,46.9691,5.5919
39366,46.7056,5.8415
39367,46.5587,6.0186
39368,46.5165,6.0002
39370,46.9776,5.7893
39372,46.7732,5.9899
39373,46.329,5.8766
39375,46.5313,5.569
39376,46.7894,5.9387
39377,47.2844,5.5322
39378,46.4196,5.3487
39379,46.7506,5.4217
39380,46.4739,5.5301
39381,46.7932,5.9778
39385,46.9032,5.3444
39386,46.8922,5.6003
39387,46.9991,5.5151
39388,46.7385,5.6478
39389,46.7322,5.8825
39390,46.6013,5.6412
39391,46.7683,6.0371
39392,47.2013,5.5635
39393,46.8055,6.0037
39394,46.451,5.6703
39396,47.1554,5.6661
39397,46.5064,5.6151
39398,47.2416,5.6607
39399,46.9881,5.6648
39400,47.1077,5.6489
39401,46.9168,5.5963
39402,47.2519,5.6994
39403,46.9786,5.8241
39404,46.6966,5.5951
39405,47.0221,5.4768
39406,46.7991,5.8986
39407,46.805,5.625
39408,46.5879,5.7093
39409,47.1988,5.4721
39411,46.6754,5.5998
39412,46.9922,5.3644
39413,46.2896,5.8565
39415,46.9292,5.3377
39418,46.7552,5.7593
39419,46.7037,5.9095
39420,46.4977,5.4992
39421,46.7088,5.5703
39422,46.7245,5.556
39423,46.5201,5.6367
39424,46.663,5.9994
39425,46.8785,5.8093
39426,46.7967,5.6868
39427,46.814,6.0193
39428,46.8036,6.016
39429,46.9157,5.4633
39430,47.1118,5.7192
39431,46.5982,5.6234
39432,47.2214,5.493
39434,46.8204,5.7245
39435,46.5724,5.6874
39436,46.8794,5.9019
39437,46.7303,5.7969
39439,47.0006,5.8184
39441,46.4526,6.0374
39443,46.5544,5.584
39444,46.9292,5.8366
39445,46.6251,5.6502
39446,46.8749,5.7508
39447,46.7343,5.5232
39448,46.9887,5.4654
39449,47.1574,5.4718
39451,47.1601,5.7209
39452,47.137,5.7142
39453,46.432,5.8005
39454,46.808,5.508
39455,46.5635,5.5528
39456,46.7675,5.4359
39457,46.6857,5.4139
39458,46.6225,5.6079
39460,46.4682,5.8711
39461,46.7597,6.0536
39462,47.1226,5.5554
39463,46.3271,5.7433
39464,47.2076,5.7191
39465,47.1618,5.5954
39466,46.5358,5.455
39467,46.5836,5.4761
39468,46.5138,5.5262
39469,47.2256,5.7092
39470,46.4911,6.0731
39471,46.7282,5.503
39472,46.8797,5.4265
39473,46.6684,5.8613
39475,46.4365,5.3373
39476,47.031,5.3354
39477,46.9859,5.437
39478,46.4098,5.8802
39479,46.9608,5.7232
39480,46.7102,5.5095
39481,46.7797,5.9358
39485,46.3868,5.4415
39486,46.8055,5.6005
39487,46.5703,5.9597
39489,46.8281,5.6412
39490,46.9954,5.3122
39491,46.4133,5.7985
39492,46.6078,5.5969
39493,46.5648,5.8282
39494,46.5703,5.8968
39495,46.9745,5.8845
39497,46.9668,5.9356
39498,47.1608,5.7915
39499,47.2224,5.6362
39500,46.9503,5.9054
39501,47.1264,5.442
39502,47.0438,5.6687
39503,46.7448,5.9461
39504,46.476,5.6173
39505,46.6061,5.8218
39507,46.9452,5.5403
39508,46.8255,5.5573
39510,46.3559,5.9265
39511,46.8873,5.463
39512,46.9033,5.4685
39513,47.1985,5.6458
39514,47.205,5.6148
39517,46.7287,5.9897
39518,46.6477,5.8331
39519,46.5374,5.7557
39520,46.9761,5.5514
39522,46.855,5.9868
39523,46.6969,5.9534
39525,46.925,5.5104
39526,47.0396,5.4026
39527,47.2212,5.6857
39528,47.2375,5.6137
39529,46.9032,5.9267
39530,46.2901,5.554
39531,46.5195,5.7466
39532,46.4276,5.3931
39533,46.8221,5.5845
39534,46.5219,5.6695
39535,46.8655,5.665
39537,46.6358,5.4628
39538,46.6027,5.7938
39539,46.9402,5.7046
39540,46.8267,5.877
39543,46.7758,5.911
39545,46.6832,5.9262
39546,46.9662,5.6291
39547,46.3546,5.7309
39550,46.6578,5.6873
39551,46.4595,5.421
39552,46.623,5.5812
39553,46.7319,5.5941
39554,46.8222,5.9111
39555,46.8227,5.5266
39556,46.6007,5.7438
39557,46.3547,5.6105
39558,46.667,5.6688
39559,47.0557,5.6303
39560,46.3631,5.8627
39561,46.4046,5.7394
39565,46.9704,5.7505
39567,46.6945,5.553
39568,46.855,5.6399
39569,46.9924,5.7593
39570,46.9222,5.5712
39571,46.9646,5.5214
39572,46.9345,5.7427
39573,47.0462,5.4918
39574,46.7276,5.4449
39575,46.847,5.506
39576,46.6047,5.4619
39577,46.7928,5.4803
39579,46.3035,5.7312
39581,47.2529,5.6708
39582,46.7431,5.6014
39583,46.3465,5.5225
39584,47.1832,5.5848
39585,46.3209,5.7858
39586,46.8942,5.9215
53001,48.0221,-0.8803
53002,48.2327,-0.7399
53003,48.4242,-0.6268
53005,48.1769,-0.7911
53007,48.0942,-0.624
53008,48.3058,-0.5539
53009,47.9816,-0.5932
53010,48.1553,-0.3195
53011,47.9593,-0.8493
53012,47.8868,-0.9335
53013,48.3575,-0.2035
53015,48.1765,-0.9012
53016,48.2485,-0.3573
53017,47.9362,-0.3801
53018,47.9026,-1.0561
53019,47.9859,-0.3491
53021,48.2704,-0.5853
53022,48.0041,-0.5028
53023,48.1883,-0.602
53025,48.03,-0.6002
53026,47.9941,-0.9848
53027,47.9111,-0.4435
53028,48.2545,-0.5635
53029,47.7918,-0.5633
53030,47.954,-0.6307
53031,48.221,-0.798
53033,47.773,-0.9788
53034,48.0715,-0.6996
53035,47.8075,-0.9851
53036,47.8601,-0.4852
53037,47.8722,-0.3939
53038,48.4272,-0.1369
53039,48.164,-0.9766
53040,48.1552,-1.0435
53041,47.8853,-1.1769
53042,48.391,-0.7738
53043,48.157,-0.5194
53045,48.0899,-0.9713
53046,47.92,-0.4991
53047,48.3916,-0.9003
53048,48.2269,-0.8647
53049,48.1562,-0.6484
53051,48.3588,-0.5162
53052,48.433,-0.1062
53053,48.2938,-0.3741
53054,48.1131,-0.7961
53055,48.4148,-0.5521
53056,48.1293,-0.6556
53057,48.3191,-0.4308
53058,47.8998,-0.9044
53059,48.0941,-0.5354
53061,48.415,-0.4057
53062,47.821,-0.701
53063,47.8057,-0.5998
53064,48.3352,-0.7574
53066,47.7782,-0.7662
53067,47.9758,-0.4472
53068,47.8006,-0.9265
53069,48.4393,-0.4046
53071,48.3873,-0.8459
53072,48.2343,-0.6264
53073,47.8062,-1.124
53074,48.2563,-0.6924
53075,47.9189,-0.8746
53076,47.9707,-0.3233
53077,47.9452,-0.9284
53078,47.7914,-0.6374
53079,48.4479,-0.7093
53080,48.4827,-0.2918
53082,47.9852,-0.8914
53083,48.3019,-0.2583
53084,47.8431,-0.9396
53085,48.3858,-0.2614
53086,48.1968,-1.0391
53087,47.9541,-0.4911
53088,47.9637,-1.1114
53089,47.7563,-0.6335
53090,47.8818,-0.881
53091,48.4697,-0.8715
53093,48.4489,-0.9649
53094,47.9924,-0.7149
53096,48.2954,-0.9316
53097,48.1423,-0.4328
53098,47.9124,-1.1344
53099,48.0291,-0.7058
53100,48.4834,-0.9499
53101,47.8711,-0.6641
53102,47.9407,-1.1141
53103,48.1029,-0.8966
53104,47.8605,-0.585
53105,48.1509,-0.5944
53106,48.3722,-0.1644
53107,48.4209,-0.7969
53108,48.0768,-1.027
53109,48.2871,-0.4766
53110,47.8709,-0.5403
53111,48.3576,-0.6108
53112,48.3767,-0.3525
53113,48.2534,-0.4274
53114,48.3365,-0.4091
53115,48.4221,-0.8638
53116,48.3878,-0.4628
53117,47.9124,-0.7452
53118,48.473,-0.5424
53119,48.0147,-0.7704
53120,48.2237,-0.2986
53121,48.4229,-0.3257
53122,48.2442,-0.4941
53123,48.2342,-1.028
53124,47.8212,-0.8273
53125,48.4811,-1.0365
53126,48.3492,-1.003
53127,48.446,-0.5059
53128,47.9478,-1.0691
53129,48.1363,-1.0084
53130,48.0578,-0.7692
53131,48.4519,-0.7933
53132,48.416,-0.899
53133,48.5331,-0.2096
53134,48.1126,-0.4613
53135,47.8906,-0.995
53136,47.8773,-0.7363
53137,48.062,-0.942
53139,48.3343,-0.3541
53140,48.1256,-0.7119
53141,48.0544,-0.6347
53142,48.4699,-0.3713
53143,47.9677,-0.6574
53144,48.3271,-0.4821
53145,47.8544,-0.801
53146,48.2014,-0.6611
53147,48.3066,-0.614
53148,47.8026,-0.8678
53150,47.7707,-0.6863
53151,47.9549,-1.0187
53152,47.9451,-0.5604
53153,48.2013,-0.4547
53154,48.3821,-0.9872
53155,48.2894,-0.8928
53156,48.1714,-0.7233
53157,48.0126,-0.8144
53158,48.0056,-0.9384
53160,48.386,-0.5333
53161,48.1636,-0.5575
53162,48.2662,-0.6228
53163,48.1702,-0.474
53164,48.4939,-0.3227
53165,47.846,-1.0003
53168,47.9808,-0.7781
53169,48.1196,-0.933
53170,48.3673,-0.6724
53172,47.9552,-0.7336
53173,48.5056,-0.2955
53174,48.3246,-0.6477
53175,48.0085,-0.6607
53176,48.4198,-0.6969
53177,48.3227,-1.0322
53178,47.8905,-0.8084
53179,48.267,-0.7767
53180,47.832,-0.8999
53181,48.4368,-1.0628
53182,48.124,-0.9662
53184,47.9392,-0.4681
53185,48.4529,-0.1993
53186,47.924,-0.8042
53187,48.4438,-0.0702
53188,47.7846,-1.0363
53189,48.4885,-0.5066
53190,48.3802,-0.4134
53191,47.8932,-1.1072
53192,47.8383,-1.1858
53193,47.9044,-0.6249
53195,48.1795,-0.7038
53196,48.4575,-0.2966
53197,47.8469,-1.1487
53198,48.3142,-0.1886
53199,48.4465,-0.8387
53200,48.2871,-0.6514
53201,48.0739,-0.8462
53202,48.4084,-0.9539
53203,47.8612,-0.4388
53204,48.4916,-0.2495
53206,47.9204,-0.574
53208,48.4369,-0.2518
53209,48.0401,-1.0041
53210,47.79,-0.4412
53211,48.3449,-0.8738
53212,47.9807,-0.5224
53213,48.4037,-1.0408
53214,47.7876,-1.1578
53216,48.3472,-0.5799
53218,48.202,-0.3768
53219,48.3046,-0.7165
53220,48.0338,-0.5186
53221,48.1779,-0.2974
53222,48.2232,-0.7361
53223,48.2653,-0.1887
53224,48.1398,-0.8126
53225,48.2094,-0.8293
53226,48.2236,-0.9235
53228,48.048,-0.3608
53229,48.1422,-0.7452
53230,48.4826,-0.4095
53232,48.0847,-0.4495
53233,47.8823,-0.4225
53234,48.387,-0.5855
53235,48.4674,-0.4846
53236,48.2955,-0.1819
53237,48.3855,-0.707
53238,48.4319,-1.0095
53240,47.8143,-1.0294
53242,47.87,-1.1277
53243,48.141,-0.8991
53245,48.2894,-1.0295
53246,48.4,-0.1175
53247,48.1083,-1.0188
53248,48.0112,-0.4098
53249,48.2169,-0.2144
53250,47.9646,-1.0472
53251,47.7766,-0.8838
53253,47.8135,-1.0915
53255,48.0917,-0.3821
53256,48.2595,-0.2594
53257,47.9769,-0.4103
53258,47.8446,-1.0591
53259,47.8045,-1.2007
53260,47.8835,-0.8526
53261,48.4689,-0.6708
53262,48.0634,-0.5608
53263,48.4943,-0.4554
53264,48.0074,-0.3584
53265,48.0981,-0.2733
53266,48.2798,-0.3111
53267,48.0503,-0.474
53269,48.2961,-0.825
53270,48.4482,-0.877
53271,48.3379,-0.2918
53272,48.4027,-0.26
53273,47.9214,-0.6753
53276,48.1361,-0.2905
